Workbook

Sheet O'quvchilar
A1: O'QUVCHILAR RO'YXATI
A2: № | B2: F.I.SH. | C2: Telefon raqami | D2: Izoh
A3: 1
A4: 2
A5: 3
A6: 4
A7: 5
A8: 6
A9: 7
A10: 8
A11: 9
A12: 10
A13: 11
A14: 12
... A22: 20

Sheet Davomat
A1: DARSLARGA DAVOMAT JURNALI
A2: № | B2: F.I.SH. | C2: 1-dars | D2: 2-dars | E2: 3-dars | F2: 4-dars | G2: 5-dars | H2: 6-dars | I2: 7-dars | J2: 8-dars | K2: 9-dars | L2: 10-dars | M2: 11-dars | N2: 12-dars | O2: 13-dars | P2: 14-dars | Q2: 15-dars | R2: 16-dars | S2: 17-dars | T2: 18-dars | U2: 19-dars | V2: 20-dars | W2: 21-dars | X2: 22-dars | Y2: 23-dars | Z2: 24-dars | AA2: 25-dars | AB2: 26-dars | AC2: 27-dars | AD2: 28-dars | AE2: 29-dars | AF2: 30-dars | AG2: Jami + | AH2: Jami - | AI2: Jami 0 | AJ2: Davomat %
A4: 1 | B4: =IF('O''quvchilar'!B3="","",'O''quvchilar'!B3) | AG4: =COUNTIF(C4:AF4,"+") | AH4: =COUNTIF(C4:AF4,"-") | AI4: =COUNTIF(C4:AF4,"0") | AJ4: =IF((AG4+AH4+AI4)=0,"",ROUND(AG4/(AG4+AH4+AI4)*100,0))
A5: 2 | B5: =IF('O''quvchilar'!B4="","",'O''quvchilar'!B4) | AG5: =COUNTIF(C5:AF5,"+") | AH5: =COUNTIF(C5:AF5,"-") | AI5: =COUNTIF(C5:AF5,"0") | AJ5: =IF((AG5+AH5+AI5)=0,"",ROUND(AG5/(AG5+AH5+AI5)*100,0))
A6: 3 | B6: =IF('O''quvchilar'!B5="","",'O''quvchilar'!B5) | AG6: =COUNTIF(C6:AF6,"+") | AH6: =COUNTIF(C6:AF6,"-") | AI6: =COUNTIF(C6:AF6,"0") | AJ6: =IF((AG6+AH6+AI6)=0,"",ROUND(AG6/(AG6+AH6+AI6)*100,0))
A7: 4 | B7: =IF('O''quvchilar'!B6="","",'O''quvchilar'!B6) | AG7: =COUNTIF(C7:AF7,"+") | AH7: =COUNTIF(C7:AF7,"-") | AI7: =COUNTIF(C7:AF7,"0") | AJ7: =IF((AG7+AH7+AI7)=0,"",ROUND(AG7/(AG7+AH7+AI7)*100,0))
A8: 5 | B8: =IF('O''quvchilar'!B7="","",'O''quvchilar'!B7) | AG8: =COUNTIF(C8:AF8,"+") | AH8: =COUNTIF(C8:AF8,"-") | AI8: =COUNTIF(C8:AF8,"0") | AJ8: =IF((AG8+AH8+AI8)=0,"",ROUND(AG8/(AG8+AH8+AI8)*100,0))
A9: 6 | B9: =IF('O''quvchilar'!B8="","",'O''quvchilar'!B8) | AG9: =COUNTIF(C9:AF9,"+") | AH9: =COUNTIF(C9:AF9,"-") | AI9: =COUNTIF(C9:AF9,"0") | AJ9: =IF((AG9+AH9+AI9)=0,"",ROUND(AG9/(AG9+AH9+AI9)*100,0))
A10: 7 | B10: =IF('O''quvchilar'!B9="","",'O''quvchilar'!B9) | AG10: =COUNTIF(C10:AF10,"+") | AH10: =COUNTIF(C10:AF10,"-") | AI10: =COUNTIF(C10:AF10,"0") | AJ10: =IF((AG10+AH10+AI10)=0,"",ROUND(AG10/(AG10+AH10+AI10)*100,0))
A11: 8 | B11: =IF('O''quvchilar'!B10="","",'O''quvchilar'!B10) | AG11: =COUNTIF(C11:AF11,"+") | AH11: =COUNTIF(C11:AF11,"-") | AI11: =COUNTIF(C11:AF11,"0") | AJ11: =IF((AG11+AH11+AI11)=0,"",ROUND(AG11/(AG11+AH11+AI11)*100,0))
A12: 9 | B12: =IF('O''quvchilar'!B11="","",'O''quvchilar'!B11) | AG12: =COUNTIF(C12:AF12,"+") | AH12: =COUNTIF(C12:AF12,"-") | AI12: =COUNTIF(C12:AF12,"0") | AJ12: =IF((AG12+AH12+AI12)=0,"",ROUND(AG12/(AG12+AH12+AI12)*100,0))
A13: 10 | B13: =IF('O''quvchilar'!B12="","",'O''quvchilar'!B12) | AG13: =COUNTIF(C13:AF13,"+") | AH13: =COUNTIF(C13:AF13,"-") | AI13: =COUNTIF(C13:AF13,"0") | AJ13: =IF((AG13+AH13+AI13)=0,"",ROUND(AG13/(AG13+AH13+AI13)*100,0))
A14: 11 | B14: =IF('O''quvchilar'!B13="","",'O''quvchilar'!B13) | AG14: =COUNTIF(C14:AF14,"+") | AH14: =COUNTIF(C14:AF14,"-") | AI14: =COUNTIF(C14:AF14,"0") | AJ14: =IF((AG14+AH14+AI14)=0,"",ROUND(AG14/(AG14+AH14+AI14)*100,0))
A15: 12 | B15: =IF('O''quvchilar'!B14="","",'O''quvchilar'!B14) | AG15: =COUNTIF(C15:AF15,"+") | AH15: =COUNTIF(C15:AF15,"-") | AI15: =COUNTIF(C15:AF15,"0") | AJ15: =IF((AG15+AH15+AI15)=0,"",ROUND(AG15/(AG15+AH15+AI15)*100,0))
... A23: 20 | B23: =IF('O''quvchilar'!B22="","",'O''quvchilar'!B22) | AG23: =COUNTIF(C23:AF23,"+") | AH23: =COUNTIF(C23:AF23,"-") | AI23: =COUNTIF(C23:AF23,"0") | AJ23: =IF((AG23+AH23+AI23)=0,"",ROUND(AG23/(AG23+AH23+AI23)*100,0))
B25: IZOH
B26: + | C26: qatnashdi
B27: - | C27: qatnashmadi
B28: 0 | C28: sababli / kech qoldi
B29: 3-qator | C29: har bir darsning sanasini o'zingiz kiritasiz
